time;amp
0;38.474
1;37.8019
2;31.768
3;22.217
4;11.5108
5;1.22732
6;-7.83208
7;-15.1925
8;-20.056
9;-22.0438
10;-21.58
