time;amp
0;41.4986
1;38.4084
2;29.917
3;18.7597
4;7.96445
5;-1.09926
6;-8.25018
7;-13.6279
8;-17.2637
9;-19.3174
10;-19.9835
