exp;syn;shift_syn
38.474;41.4986;40.7261
37.8019;38.4084;39.6445
31.768;29.917;36.9932
22.217;18.7597;31.1301
11.5108;7.96445;17.2175
1.22732;-1.09926;4.08
-7.83208;-8.25018;-6.20706
-15.1925;-13.6279;-10.939
-20.056;-17.2637;-15.0822
-22.0438;-19.3174;-17.7771
-21.58;-19.9835;nan
